{
  "config": {
    "op": "add",
    "seeds": [
      0,
      1,
      2,
      3,
      4
    ],
    "waves": 5,
    "noise": 0.2
  },
  "summary": {
    "id_store": {
      "wave0_curve": [
        0.96,
        1.0,
        1.0,
        1.0,
        1.0
      ],
      "clean_acc": 0.992,
      "n_ids": 24.8
    },
    "similarity": {
      "wave0_curve": [
        0.8800000000000001,
        0.8800000000000001,
        0.9199999999999999,
        0.9199999999999999,
        0.96
      ],
      "clean_acc": 0.9359999999999999,
      "n_ids": 86.8
    }
  }
}