{
  "config": {
    "model": "sentence-transformers/all-MiniLM-L6-v2",
    "seeds": [
      0,
      1,
      2
    ],
    "epochs": 12,
    "n_tasks": 7,
    "groups": [
      [
        0,
        1
      ],
      [
        2,
        3
      ],
      [
        4,
        5
      ],
      [
        6,
        7
      ],
      [
        8,
        9
      ],
      [
        10,
        11
      ],
      [
        12,
        13
      ]
    ]
  },
  "summary": {
    "per_region": {
      "task0_peak": 0.9833333492279053,
      "task0_final": 0.924999992052714,
      "forgetting": 0.058333357175191246,
      "all_final": 0.9357142817406428,
      "n_regions": 7.0,
      "task0_centroid": 0.8583333492279053,
      "all_centroid": 0.854761901355925,
      "task0_disc": 0.875,
      "all_disc": 0.8690476190476191,
      "task0_oracle": 0.9833333492279053,
      "all_oracle": 0.992857146830786
    },
    "shared": {
      "task0_peak": 0.9833333492279053,
      "task0_final": 0.0,
      "forgetting": 0.9833333492279053,
      "all_final": 0.07142857142857142,
      "n_regions": 0.0
    },
    "full_ft": {
      "task0_peak": 0.8166666626930237,
      "task0_final": 0.0,
      "forgetting": 0.8166666626930237,
      "all_final": 0.07142857142857142,
      "n_regions": 0.0
    }
  }
}