{
  "config": {
    "model": "distilbert-base-uncased",
    "seeds": [
      0,
      1,
      2
    ],
    "epochs": 12,
    "n_tasks": 5,
    "cls_per_task": 4
  },
  "summary": {
    "per_region": {
      "task0_peak": 0.699999988079071,
      "task0_final": 0.3166666626930237,
      "forgetting": 0.38333332538604736,
      "all_final": 0.4299999972184499,
      "n_regions": 5.0,
      "task0_centroid": 0.27500000099341076,
      "all_centroid": 0.42833333512147265,
      "task0_oracle": 0.699999988079071,
      "all_oracle": 0.756666664282481
    },
    "shared": {
      "task0_peak": 0.699999988079071,
      "task0_final": 0.0,
      "forgetting": 0.699999988079071,
      "all_final": 0.05666666626930237,
      "n_regions": 0.0
    },
    "full_ft": {
      "task0_peak": 0.712499996026357,
      "task0_final": 0.0,
      "forgetting": 0.712499996026357,
      "all_final": 0.13666666882733502,
      "n_regions": 0.0
    }
  }
}