{
  "config": {
    "seeds": [
      0,
      1,
      2,
      3,
      4,
      5,
      6,
      7,
      8,
      9,
      10,
      11,
      12,
      13,
      14,
      15,
      16,
      17,
      18,
      19,
      20,
      21,
      22,
      23,
      24,
      25,
      26,
      27,
      28,
      29,
      30,
      31
    ],
    "epochs": 200,
    "state_dim": 32,
    "n_rbf": 8,
    "dt": 0.1,
    "n_steps": 60,
    "eps": 0.3,
    "lr": 0.02,
    "dec_hidden": 32,
    "mlp_hidden": 64,
    "train_fit_gate": 0.99,
    "out": "results/scan_mini_32s.json"
  },
  "task": {
    "actions": [
      "WALK",
      "LOOK",
      "RUN",
      "JUMP",
      "TURN",
      "STAY"
    ],
    "train_verbs": [
      0,
      1,
      2
    ],
    "heldout_verbs": [
      3,
      4,
      5
    ],
    "multi_counts": [
      1,
      2
    ],
    "heldout_pairs": [
      [
        3,
        1
      ],
      [
        3,
        2
      ],
      [
        4,
        1
      ],
      [
        4,
        2
      ],
      [
        5,
        1
      ],
      [
        5,
        2
      ]
    ],
    "note": "held-out = known symbol emitted in a novel position"
  },
  "gating": {
    "gate": 0.99,
    "kept_seeds": [
      3,
      4,
      5,
      6,
      7,
      8,
      9,
      10,
      11,
      12,
      16,
      17,
      18,
      19,
      20,
      23,
      25,
      27,
      28,
      29,
      30,
      31
    ],
    "n_kept": 22,
    "n_total": 32
  },
  "nous": {
    "gated": {
      "per_seed_mean": 0.5757575757575757,
      "per_seed_std": 0.30454168548851185,
      "pooled_n": 132,
      "pooled_acc": 0.5757575757575758,
      "wilson95": [
        0.4904750031714826,
        0.6567553003585112
      ],
      "per_seed": [
        0.8333333333333334,
        0.5,
        0.0,
        0.16666666666666666,
        0.16666666666666666,
        0.3333333333333333,
        0.5,
        0.16666666666666666,
        0.5,
        1.0,
        0.8333333333333334,
        0.6666666666666666,
        0.6666666666666666,
        0.16666666666666666,
        1.0,
        0.3333333333333333,
        0.8333333333333334,
        0.6666666666666666,
        0.6666666666666666,
        1.0,
        0.8333333333333334,
        0.8333333333333334
      ]
    },
    "per_seed_raw": [
      {
        "train_exact": 1.0,
        "heldout_exact": 0.5,
        "heldout_hits": [
          0,
          0,
          1,
          1,
          1,
          0
        ]
      },
      {
        "train_exact": 1.0,
        "heldout_exact": 0.8333333333333334,
        "heldout_hits": [
          1,
          1,
          1,
          1,
          1,
          0
        ]
      },
      {
        "train_exact": 1.0,
        "heldout_exact": 1.0,
        "heldout_hits": [
          1,
          1,
          1,
          1,
          1,
          1
        ]
      },
      {
        "train_exact": 1.0,
        "heldout_exact": 0.8333333333333334,
        "heldout_hits": [
          1,
          1,
          1,
          1,
          1,
          0
        ]
      },
      {
        "train_exact": 1.0,
        "heldout_exact": 0.5,
        "heldout_hits": [
          0,
          0,
          1,
          1,
          1,
          0
        ]
      },
      {
        "train_exact": 1.0,
        "heldout_exact": 0.0,
        "heldout_hits": [
          0,
          0,
          0,
          0,
          0,
          0
        ]
      },
      {
        "train_exact": 1.0,
        "heldout_exact": 0.16666666666666666,
        "heldout_hits": [
          1,
          0,
          0,
          0,
          0,
          0
        ]
      },
      {
        "train_exact": 1.0,
        "heldout_exact": 0.16666666666666666,
        "heldout_hits": [
          0,
          0,
          0,
          0,
          0,
          1
        ]
      },
      {
        "train_exact": 1.0,
        "heldout_exact": 0.3333333333333333,
        "heldout_hits": [
          0,
          0,
          0,
          1,
          1,
          0
        ]
      },
      {
        "train_exact": 1.0,
        "heldout_exact": 0.5,
        "heldout_hits": [
          1,
          0,
          1,
          0,
          1,
          0
        ]
      },
      {
        "train_exact": 1.0,
        "heldout_exact": 0.16666666666666666,
        "heldout_hits": [
          0,
          0,
          0,
          1,
          0,
          0
        ]
      },
      {
        "train_exact": 1.0,
        "heldout_exact": 0.5,
        "heldout_hits": [
          1,
          0,
          1,
          1,
          0,
          0
        ]
      },
      {
        "train_exact": 1.0,
        "heldout_exact": 1.0,
        "heldout_hits": [
          1,
          1,
          1,
          1,
          1,
          1
        ]
      },
      {
        "train_exact": 0.5833333333333334,
        "heldout_exact": 0.5,
        "heldout_hits": [
          0,
          0,
          1,
          1,
          1,
          0
        ]
      },
      {
        "train_exact": 1.0,
        "heldout_exact": 0.16666666666666666,
        "heldout_hits": [
          1,
          0,
          0,
          0,
          0,
          0
        ]
      },
      {
        "train_exact": 0.9166666666666666,
        "heldout_exact": 0.5,
        "heldout_hits": [
          0,
          1,
          1,
          0,
          0,
          1
        ]
      },
      {
        "train_exact": 1.0,
        "heldout_exact": 0.8333333333333334,
        "heldout_hits": [
          1,
          1,
          1,
          0,
          1,
          1
        ]
      },
      {
        "train_exact": 1.0,
        "heldout_exact": 0.6666666666666666,
        "heldout_hits": [
          1,
          0,
          1,
          1,
          1,
          0
        ]
      },
      {
        "train_exact": 1.0,
        "heldout_exact": 0.6666666666666666,
        "heldout_hits": [
          1,
          1,
          1,
          1,
          0,
          0
        ]
      },
      {
        "train_exact": 1.0,
        "heldout_exact": 0.16666666666666666,
        "heldout_hits": [
          0,
          0,
          1,
          0,
          0,
          0
        ]
      },
      {
        "train_exact": 1.0,
        "heldout_exact": 1.0,
        "heldout_hits": [
          1,
          1,
          1,
          1,
          1,
          1
        ]
      },
      {
        "train_exact": 1.0,
        "heldout_exact": 0.16666666666666666,
        "heldout_hits": [
          0,
          0,
          1,
          0,
          0,
          0
        ]
      },
      {
        "train_exact": 1.0,
        "heldout_exact": 0.16666666666666666,
        "heldout_hits": [
          0,
          0,
          0,
          0,
          1,
          0
        ]
      },
      {
        "train_exact": 1.0,
        "heldout_exact": 0.3333333333333333,
        "heldout_hits": [
          0,
          0,
          0,
          0,
          1,
          1
        ]
      },
      {
        "train_exact": 1.0,
        "heldout_exact": 1.0,
        "heldout_hits": [
          1,
          1,
          1,
          1,
          1,
          1
        ]
      },
      {
        "train_exact": 1.0,
        "heldout_exact": 0.8333333333333334,
        "heldout_hits": [
          1,
          1,
          1,
          0,
          1,
          1
        ]
      },
      {
        "train_exact": 0.9166666666666666,
        "heldout_exact": 0.0,
        "heldout_hits": [
          0,
          0,
          0,
          0,
          0,
          0
        ]
      },
      {
        "train_exact": 1.0,
        "heldout_exact": 0.6666666666666666,
        "heldout_hits": [
          0,
          1,
          0,
          1,
          1,
          1
        ]
      },
      {
        "train_exact": 1.0,
        "heldout_exact": 0.6666666666666666,