{
  "kept": [],
  "n_kept": 0,
  "nous_bal": 0.0,
  "mlp_bal": 0.0,
  "delta_pp": 0.0,
  "nous_valid_recall": 0.0,
  "mlp_valid_recall": 0.0,
  "nous_raw": [
    [
      0.5277777777777778,
      0.3333333333333333,
      0.0,
      0.6666666666666666
    ],
    [
      0.6666666666666666,
      0.5,
      0.0,
      1.0
    ]
  ],
  "mlp_raw": [
    [
      0.7777777777777778,
      0.375,
      0.0,
      0.75
    ],
    [
      0.6944444444444444,
      0.4583333333333333,
      0.0,
      0.9166666666666666
    ]
  ]
}